-- MySQL Script generated by MySQL Workbench
-- Sun Dec  3 13:26:52 2017
-- Model: New Model    Version: 1.0
-- MySQL Workbench Forward Engineering

SET @OLD_UNIQUE_CHECKS=@@UNIQUE_CHECKS, UNIQUE_CHECKS=0;
SET @OLD_FOREIGN_KEY_CHECKS=@@FOREIGN_KEY_CHECKS, FOREIGN_KEY_CHECKS=0;
SET @OLD_SQL_MODE=@@SQL_MODE, SQL_MODE='TRADITIONAL,ALLOW_INVALID_DATES';

-- Variável de Criptografia
SELECT @chave:='374876';

-- -----------------------------------------------------
-- Schema Equipe374876
-- -----------------------------------------------------
DROP SCHEMA IF EXISTS `Equipe374876` ;

-- -----------------------------------------------------
-- Schema Equipe374876
-- -----------------------------------------------------
CREATE SCHEMA IF NOT EXISTS `Equipe374876` DEFAULT CHARACTER SET utf8 ;
USE `Equipe374876` ;

-- -----------------------------------------------------
-- Table `funcionario`
-- -----------------------------------------------------
DROP TABLE IF EXISTS `funcionario` ;

CREATE TABLE IF NOT EXISTS `funcionario` (
  `matricula` INT NOT NULL AUTO_INCREMENT,
  `nome` VARCHAR(50) NOT NULL,
  `sexo` ENUM('Feminino', 'Masculino') NOT NULL,
  `data_nasc` DATE NOT NULL,
  `cidade` VARCHAR(45) NULL,
  `endereco` VARCHAR(45) NULL,
  `cargo` ENUM('Atendente', 'Caixa', 'Gerente') NOT NULL,
  `salario` DECIMAL(8,2) NOT NULL DEFAULT 0.00,
  `senha` VARCHAR(20) NOT NULL,
  `lotacao` INT NOT NULL,
  PRIMARY KEY (`matricula`),
  INDEX `fk_Funcionario_Agencia_idx` (`lotacao` ASC),
  CONSTRAINT `fk_Funcionario_Agencia`
    FOREIGN KEY (`lotacao`)
    REFERENCES `agencia` (`numero`)
    ON DELETE RESTRICT
    ON UPDATE NO ACTION)
ENGINE = InnoDB;

-- Permite criptografia no campo SENHA
ALTER TABLE `funcionario` CHANGE `senha` senha VARCHAR(20) CHARACTER SET latin1 COLLATE latin1_swedish_ci;

-- -----------------------------------------------------
-- Table `agencia`
-- -----------------------------------------------------
DROP TABLE IF EXISTS `agencia` ;

CREATE TABLE IF NOT EXISTS `agencia` (
  `numero` INT NOT NULL AUTO_INCREMENT,
  `nome` VARCHAR(45) NOT NULL,
  `mat_gerente` INT NULL,
  `salario_montante` DECIMAL(12,2) NULL DEFAULT 0,
  `cidade` VARCHAR(45) NOT NULL,
  PRIMARY KEY (`numero`),
  INDEX `fk_Agencia_Funcionario1_idx` (`mat_gerente` ASC),
  CONSTRAINT `fk_Agencia_Funcionario1`
    FOREIGN KEY (`mat_gerente`)
    REFERENCES `funcionario` (`matricula`)
    ON DELETE SET NULL
    ON UPDATE NO ACTION)
ENGINE = InnoDB;


-- -----------------------------------------------------
-- Table `conta`
-- -----------------------------------------------------
DROP TABLE IF EXISTS `conta` ;

CREATE TABLE IF NOT EXISTS `conta` (
  `num_conta` INT NOT NULL AUTO_INCREMENT,
  `num_agencia` INT NOT NULL,
  `saldo` DECIMAL(11,2) NOT NULL DEFAULT 0.00,
  `senha` VARCHAR(20) NOT NULL,
  `tipo_conta` ENUM('Conta Corrente', 'Conta Poupança', 'Conta Especial') NOT NULL,
  PRIMARY KEY (`num_conta`),
  INDEX `fk_Contas_Agencia1_idx` (`num_agencia` ASC),
  CONSTRAINT `fk_Contas_Agencia1`
    FOREIGN KEY (`num_agencia`)
    REFERENCES `agencia` (`numero`)
    ON DELETE RESTRICT
    ON UPDATE NO ACTION)
ENGINE = InnoDB;

-- Permite criptografia no campo SENHA
ALTER TABLE `conta` CHANGE `senha` senha VARCHAR(20) CHARACTER SET latin1 COLLATE latin1_swedish_ci;

-- -----------------------------------------------------
-- Table `conta_poupanca`
-- -----------------------------------------------------
DROP TABLE IF EXISTS `conta_poupanca` ;

CREATE TABLE IF NOT EXISTS `conta_poupanca` (
  `num_conta` INT NOT NULL,
  `taxa_juros` DECIMAL(5,2) NOT NULL DEFAULT 0.00,
  INDEX `fk_Poupança_Contas1_idx` (`num_conta` ASC),
  PRIMARY KEY (`num_conta`),
  CONSTRAINT `fk_Poupança_Contas1`
    FOREIGN KEY (`num_conta`)
    REFERENCES `conta` (`num_conta`)
    ON DELETE CASCADE
    ON UPDATE NO ACTION)
ENGINE = InnoDB;


-- -----------------------------------------------------
-- Table `conta_especial`
-- -----------------------------------------------------
DROP TABLE IF EXISTS `conta_especial` ;

CREATE TABLE IF NOT EXISTS `conta_especial` (
  `num_conta` INT NOT NULL,
  `limite_credito` DECIMAL(7,2) NOT NULL DEFAULT 0.00,
  INDEX `fk_Conta especial_Contas1_idx` (`num_conta` ASC),
  PRIMARY KEY (`num_conta`),
  CONSTRAINT `fk_Conta especial_Contas1`
    FOREIGN KEY (`num_conta`)
    REFERENCES `conta` (`num_conta`)
    ON DELETE CASCADE
    ON UPDATE NO ACTION)
ENGINE = InnoDB;


-- -----------------------------------------------------
-- Table `transacao`
-- -----------------------------------------------------
DROP TABLE IF EXISTS `transacao` ;

CREATE TABLE IF NOT EXISTS `transacao` (
  `num_transacao` INT NOT NULL AUTO_INCREMENT,
  `valor_transacao` DECIMAL(10,2) NOT NULL,
  `data_hora` DATETIME NOT NULL,
  `tipo` ENUM('Saque', 'Estorno', 'Transferência', 'Depósito') NOT NULL,
  PRIMARY KEY (`num_transacao`))
ENGINE = InnoDB;


-- -----------------------------------------------------
-- Table `realiza`
-- -----------------------------------------------------
DROP TABLE IF EXISTS `realiza` ;

CREATE TABLE IF NOT EXISTS `realiza` (
  `num_transacao` INT NOT NULL,
  `num_conta` INT NOT NULL,
  PRIMARY KEY (`num_transacao`, `num_conta`),
  INDEX `fk_Transacoes_has_Contas_Contas1_idx` (`num_conta` ASC),
  INDEX `fk_Transacoes_has_Contas_Transacoes1_idx` (`num_transacao` ASC),
  CONSTRAINT `fk_Transacoes_has_Contas_Transacoes1`
    FOREIGN KEY (`num_transacao`)
    REFERENCES `transacao` (`num_transacao`)
    ON DELETE CASCADE
    ON UPDATE NO ACTION,
  CONSTRAINT `fk_Transacoes_has_Contas_Contas1`
    FOREIGN KEY (`num_conta`)
    REFERENCES `conta` (`num_conta`)
    ON DELETE CASCADE
    ON UPDATE NO ACTION)
ENGINE = InnoDB;


-- -----------------------------------------------------
-- Table `cliente`
-- -----------------------------------------------------
DROP TABLE IF EXISTS `cliente` ;

CREATE TABLE IF NOT EXISTS `cliente` (
  `cpf` CHAR(11) NOT NULL,
  `rg` VARCHAR(25) NOT NULL,
  `nome` VARCHAR(50) NOT NULL,
  `data_nasc` DATE NOT NULL,
  `cidade` VARCHAR(45) NOT NULL,
  `endereco` VARCHAR(45) NOT NULL,
  PRIMARY KEY (`cpf`),
  UNIQUE INDEX `RG_UNIQUE` (`rg` ASC))
ENGINE = InnoDB;


-- -----------------------------------------------------
-- Table `conta_cliente`
-- -----------------------------------------------------
DROP TABLE IF EXISTS `conta_cliente` ;

CREATE TABLE IF NOT EXISTS `conta_cliente` (
  `cpf_cliente` CHAR(11) NOT NULL,
  `num_conta` INT NOT NULL,
  `num_agencia` INT NOT NULL,
  INDEX `fk_Cliente-Conta_Clientes1_idx` (`cpf_cliente` ASC),
  INDEX `fk_Cliente-Conta_Contas1_idx` (`num_conta` ASC),
  INDEX `fk_Cliente-Conta_agencia1_idx` (`num_agencia` ASC),
  PRIMARY KEY (`cpf_cliente`, `num_conta`, `num_agencia`),
  CONSTRAINT `fk_Cliente-Conta_Clientes1`
    FOREIGN KEY (`cpf_cliente`)
    REFERENCES `cliente` (`cpf`)
    ON DELETE RESTRICT
    ON UPDATE NO ACTION,
  CONSTRAINT `fk_Cliente-Conta_Contas1`
    FOREIGN KEY (`num_conta`)
    REFERENCES `conta` (`num_conta`)
    ON DELETE RESTRICT
    ON UPDATE NO ACTION,
  CONSTRAINT `fk_Cliente-Conta_agencia1`
    FOREIGN KEY (`num_agencia`)
    REFERENCES `agencia` (`numero`)
    ON DELETE RESTRICT
    ON UPDATE NO ACTION)
ENGINE = InnoDB;


-- -----------------------------------------------------
-- Table `dependente`
-- -----------------------------------------------------
DROP TABLE IF EXISTS `dependente` ;

CREATE TABLE IF NOT EXISTS `dependente` (
  `mat_funcionario` INT NOT NULL,
  `nome_dependente` VARCHAR(50) NOT NULL,
  `parentesco` ENUM('Filho', 'Filha', 'Cônjuge', 'Genitor', 'Genitora') NOT NULL,
  `data_nasc` DATE NOT NULL,
  `idade` INT NULL,
  PRIMARY KEY (`mat_funcionario`, `nome_dependente`),
  INDEX `fk_Dependente_Funcionario1_idx` (`mat_funcionario` ASC),
  CONSTRAINT `fk_Dependente_Funcionario1`
    FOREIGN KEY (`mat_funcionario`)
    REFERENCES `funcionario` (`matricula`)
    ON DELETE CASCADE
    ON UPDATE NO ACTION)
ENGINE = InnoDB;


-- -----------------------------------------------------
-- Table `conta_corrente`
-- -----------------------------------------------------
DROP TABLE IF EXISTS `conta_corrente` ;

CREATE TABLE IF NOT EXISTS `conta_corrente` (
  `num_conta` INT NOT NULL,
  PRIMARY KEY (`num_conta`),
  CONSTRAINT `fk_contaCorrente_conta1`
    FOREIGN KEY (`num_conta`)
    REFERENCES `conta` (`num_conta`)
    ON DELETE CASCADE
    ON UPDATE NO ACTION)
ENGINE = InnoDB;

USE `Equipe374876` ;

-- -----------------------------------------------------
-- View `contas_gerente`
-- -----------------------------------------------------
DROP VIEW IF EXISTS `contas_gerente` ;
USE `Equipe374876`;
CREATE  OR REPLACE VIEW `contas_gerente` AS
    SELECT 
        a.mat_gerente,
        cli.nome AS nome_cliente,
        c.tipo_conta,
        c.saldo
    FROM
        (((conta_cliente cc
        JOIN agencia a ON cc.num_agencia = a.numero)
        JOIN cliente cli ON cc.cpf_cliente = cli.cpf)
        JOIN conta c ON cc.num_conta = c.num_conta);

-- -----------------------------------------------------
-- View `extrato_7dias`
-- -----------------------------------------------------
DROP VIEW IF EXISTS `extrato_7dias` ;
USE `Equipe374876`;
CREATE  OR REPLACE VIEW `extrato_7dias` AS
    SELECT 
        c.num_conta,
        t.num_transacao,
        t.data_hora,
        t.tipo,
        t.valor_transacao
    FROM
        ((conta c
        JOIN realiza r ON c.num_conta = r.num_conta)
        JOIN transacao t ON t.num_transacao = r.num_transacao)
    WHERE
        (TO_DAYS(NOW()) - TO_DAYS(t.data_hora)) <= 7
    ORDER BY c.num_conta, t.data_hora;

-- -----------------------------------------------------
-- View `extrato_30dias`
-- -----------------------------------------------------
DROP VIEW IF EXISTS `extrato_30dias` ;
USE `Equipe374876`;
CREATE  OR REPLACE VIEW `extrato_30dias` AS
    SELECT 
        c.num_conta,
        t.num_transacao,
        t.data_hora,
        t.tipo,
        t.valor_transacao
    FROM
        ((conta c
        JOIN realiza r ON c.num_conta = r.num_conta)
        JOIN transacao t ON t.num_transacao = r.num_transacao)
    WHERE
        (TO_DAYS(NOW()) - TO_DAYS(t.data_hora)) <= 30
    ORDER BY c.num_conta, t.data_hora;

-- -----------------------------------------------------
-- View `extrato_365dias`
-- -----------------------------------------------------
DROP VIEW IF EXISTS `extrato_365dias` ;
USE `Equipe374876`;
CREATE  OR REPLACE VIEW `extrato_365dias` AS
    SELECT 
        c.num_conta,
        t.num_transacao,
        t.data_hora,
        t.tipo,
        t.valor_transacao
    FROM
        ((conta c
        JOIN realiza r ON c.num_conta = r.num_conta)
        JOIN transacao t ON t.num_transacao = r.num_transacao)
    WHERE
        (TO_DAYS(NOW()) - TO_DAYS(t.data_hora)) <= 365
    ORDER BY c.num_conta, t.data_hora;

-- -----------------------------------------------------
-- View `tipo_conta`
-- -----------------------------------------------------
DROP VIEW IF EXISTS `tipo_conta` ;
USE `Equipe374876`;
CREATE  OR REPLACE VIEW `tipo_conta` AS
    SELECT 
        c.*, cp.taxa_juros, ce.limite_credito
    FROM
        (conta c
        LEFT OUTER JOIN conta_poupanca cp ON c.num_conta = cp.num_conta)
            LEFT OUTER JOIN
        conta_especial ce ON c.num_conta = ce.num_conta;

-- -----------------------------------------------------
-- View `conta_do_cliente`
-- -----------------------------------------------------
DROP VIEW IF EXISTS `conta_do_cliente` ;
USE `Equipe374876`;
CREATE  OR REPLACE VIEW `conta_do_cliente` AS
    SELECT 
        cli.cpf, cli.nome, cli.cidade, cc.num_conta
    FROM
        cliente cli
            JOIN
        conta_cliente cc ON cli.cpf = cc.cpf_cliente;

-- -----------------------------------------------------
-- View `transacao_do_cliente`
-- -----------------------------------------------------
DROP VIEW IF EXISTS `transacao_do_cliente` ;
USE `Equipe374876`;
CREATE  OR REPLACE VIEW `transacao_do_cliente` AS
    SELECT 
        r.num_conta, t.*
    FROM
        realiza r
            JOIN
        transacao t ON r.num_transacao = t.num_transacao;

-- -----------------------------------------------------
-- Data for table `funcionario`
-- -----------------------------------------------------
START TRANSACTION;
USE `Equipe374876`;
INSERT INTO `funcionario` (`matricula`, `nome`, `sexo`, `data_nasc`, `cidade`, `endereco`, `cargo`, `salario`, `senha`, `lotacao`) VALUES (1, 'Linda Levine', 'Feminino', '1974-03-01', 'Sobral', 'Rua Angelim', 'Gerente', 35678.09, AES_ENCRYPT('123456', @chave), 8714);
INSERT INTO `funcionario` (`matricula`, `nome`, `sexo`, `data_nasc`, `cidade`, `endereco`, `cargo`, `salario`, `senha`, `lotacao`) VALUES (2, 'Casey Benton', 'Masculino', '1964-01-11', 'Paraná', 'Rua Ararupe', 'Caixa', 8726.99, AES_ENCRYPT('112233', @chave), 8714);
INSERT INTO `funcionario` (`matricula`, `nome`, `sexo`, `data_nasc`, `cidade`, `endereco`, `cargo`, `salario`, `senha`, `lotacao`) VALUES (3, 'Stacey Molina', 'Feminino', '1968-02-23', 'Rio de Janeiro', 'Rua Cabral', 'Caixa', 17764.10, AES_ENCRYPT('123321', @chave), 7820);
INSERT INTO `funcionario` (`matricula`, `nome`, `sexo`, `data_nasc`, `cidade`, `endereco`, `cargo`, `salario`, `senha`, `lotacao`) VALUES (4, 'Omar Vazquez', 'Masculino', '1977-05-12', 'Campo Grande', 'Rua Jardim Veneza', 'Atendente', 15724.09, AES_ENCRYPT('147258', @chave), 8714);
INSERT INTO `funcionario` (`matricula`, `nome`, `sexo`, `data_nasc`, `cidade`, `endereco`, `cargo`, `salario`, `senha`, `lotacao`) VALUES (5, 'Lila Morin', 'Feminino', '1992-09-18', 'Goiânia', 'Rua João Peixoto', 'Atendente', 10757.62, AES_ENCRYPT('159357', @chave), 7820);
INSERT INTO `funcionario` (`matricula`, `nome`, `sexo`, `data_nasc`, `cidade`, `endereco`, `cargo`, `salario`, `senha`, `lotacao`) VALUES (6, 'William Huff', 'Masculino', '1961-02-05', 'Hawkings', 'Rua Doze', 'Gerente', 20471.79, AES_ENCRYPT('456987', @chave), 7820);
INSERT INTO `funcionario` (`matricula`, `nome`, `sexo`, `data_nasc`, `cidade`, `endereco`, `cargo`, `salario`, `senha`, `lotacao`) VALUES (7, 'Aphrodite Gates', 'Feminino', '1995-04-18', 'Montes Claros', 'Rua Ribeiro Gomes', 'Atendente', 16937.60, AES_ENCRYPT('153759', @chave), 7379);
INSERT INTO `funcionario` (`matricula`, `nome`, `sexo`, `data_nasc`, `cidade`, `endereco`, `cargo`, `salario`, `senha`, `lotacao`) VALUES (8, 'Tatyana Giles', 'Feminino', '1978-08-30', 'Teresina', 'Rua Paulo', 'Caixa', 12824.07, AES_ENCRYPT('426871', @chave), 7379);
INSERT INTO `funcionario` (`matricula`, `nome`, `sexo`, `data_nasc`, `cidade`, `endereco`, `cargo`, `salario`, `senha`, `lotacao`) VALUES (9, 'Rafael Roman', 'Masculino', '1995-11-29', 'Icó', 'Avenida Rio', 'Gerente', 23246.57, AES_ENCRYPT('014789', @chave), 7379);
INSERT INTO `funcionario` (`matricula`, `nome`, `sexo`, `data_nasc`, `cidade`, `endereco`, `cargo`, `salario`, `senha`, `lotacao`) VALUES (10, 'Fleur Everett', 'Feminino', '1971-10-18', 'Vitória', 'Rua do Frade', 'Atendente', 15724.09, AES_ENCRYPT('555000', @chave), 6436);
INSERT INTO `funcionario` (`matricula`, `nome`, `sexo`, `data_nasc`, `cidade`, `endereco`, `cargo`, `salario`, `senha`, `lotacao`) VALUES (11, 'Maxwell Mullins', 'Masculino', '1993-05-07', 'Goiânia', 'Rua Projetada 3', 'Caixa', 12948.51, AES_ENCRYPT('044990', @chave), 6436);
INSERT INTO `funcionario` (`matricula`, `nome`, `sexo`, `data_nasc`, `cidade`, `endereco`, `cargo`, `salario`, `senha`, `lotacao`) VALUES (12, 'Isaac Hill', 'Masculino', '1966-06-20', 'Brasília', 'Rua Mogno', 'Atendente', 8832.93, AES_ENCRYPT('123589', @chave), 2921);
INSERT INTO `funcionario` (`matricula`, `nome`, `sexo`, `data_nasc`, `cidade`, `endereco`, `cargo`, `salario`, `senha`, `lotacao`) VALUES (13, 'Austin Rose', 'Feminino', '1983-04-17', 'Londres', 'Rua Norma', 'Gerente', 31685.58, AES_ENCRYPT('235711', @chave), 6436);
INSERT INTO `funcionario` (`matricula`, `nome`, `sexo`, `data_nasc`, `cidade`, `endereco`, `cargo`, `salario`, `senha`, `lotacao`) VALUES (14, 'Danielle Valencia', 'Feminino', '1991-11-22', 'Salvador', 'Avenida Principal', 'Caixa', 25848.08, AES_ENCRYPT('963012', @chave), 2921);
INSERT INTO `funcionario` (`matricula`, `nome`, `sexo`, `data_nasc`, `cidade`, `endereco`, `cargo`, `salario`, `senha`, `lotacao`) VALUES (15, 'Geoffrey Olsen', 'Masculino', '1988-11-23', 'Indiana', 'Avenida Ênio Fabene', 'Gerente', 25069.00, AES_ENCRYPT('714581', @chave), 2921);

COMMIT;


-- -----------------------------------------------------
-- Data for table `agencia`
-- -----------------------------------------------------
START TRANSACTION;
USE `Equipe374876`;
INSERT INTO `agencia` (`numero`, `nome`, `mat_gerente`, `salario_montante`, `cidade`) VALUES (8714, 'Sob8714', 1, 60129.17, 'Sobral');
INSERT INTO `agencia` (`numero`, `nome`, `mat_gerente`, `salario_montante`, `cidade`) VALUES (7820, 'Haw7820', 6, 48993.51, 'Hawkings');
INSERT INTO `agencia` (`numero`, `nome`, `mat_gerente`, `salario_montante`, `cidade`) VALUES (6436, 'Lon6436', 13, 60358.18, 'Londres');
INSERT INTO `agencia` (`numero`, `nome`, `mat_gerente`, `salario_montante`, `cidade`) VALUES (7379, 'Ico7379', 9, 53008.24, 'Icó');
INSERT INTO `agencia` (`numero`, `nome`, `mat_gerente`, `salario_montante`, `cidade`) VALUES (2921, 'Ind2921', 15, 59750.01, 'Indiana');

COMMIT;


-- -----------------------------------------------------
-- Data for table `conta`
-- -----------------------------------------------------
START TRANSACTION;
USE `Equipe374876`;
INSERT INTO `conta` (`num_conta`, `num_agencia`, `saldo`, `senha`, `tipo_conta`) VALUES (164711, 2921, 2134.07, AES_ENCRYPT(012345, @chave), 'Conta Corrente');
INSERT INTO `conta` (`num_conta`, `num_agencia`, `saldo`, `senha`, `tipo_conta`) VALUES (784581, 7820, 2977.87, AES_ENCRYPT(123456, @chave), 'Conta Corrente');
INSERT INTO `conta` (`num_conta`, `num_agencia`, `saldo`, `senha`, `tipo_conta`) VALUES (015040, 8714, 425.30, AES_ENCRYPT(123321, @chave), 'Conta Corrente');
INSERT INTO `conta` (`num_conta`, `num_agencia`, `saldo`, `senha`, `tipo_conta`) VALUES (965824, 7379, 8468.72, AES_ENCRYPT(112233, @chave), 'Conta Corrente');
INSERT INTO `conta` (`num_conta`, `num_agencia`, `saldo`, `senha`, `tipo_conta`) VALUES (365256, 2921, 6386.33, AES_ENCRYPT(456789, @chave), 'Conta Corrente');
INSERT INTO `conta` (`num_conta`, `num_agencia`, `saldo`, `senha`, `tipo_conta`) VALUES (463126, 7820, 4601.23, AES_ENCRYPT(001122, @chave), 'Conta Corrente');
INSERT INTO `conta` (`num_conta`, `num_agencia`, `saldo`, `senha`, `tipo_conta`) VALUES (812821, 6436, 5221.67, AES_ENCRYPT(987654, @chave), 'Conta Corrente');
INSERT INTO `conta` (`num_conta`, `num_agencia`, `saldo`, `senha`, `tipo_conta`) VALUES (026226, 8714, 6826.80, AES_ENCRYPT(998877, @chave), 'Conta Corrente');
INSERT INTO `conta` (`num_conta`, `num_agencia`, `saldo`, `senha`, `tipo_conta`) VALUES (954152, 6436, 7816.48, AES_ENCRYPT(445566, @chave), 'Conta Corrente');
INSERT INTO `conta` (`num_conta`, `num_agencia`, `saldo`, `senha`, `tipo_conta`) VALUES (602510, 7379, 3920.84, AES_ENCRYPT(654321, @chave), 'Conta Corrente');
INSERT INTO `conta` (`num_conta`, `num_agencia`, `saldo`, `senha`, `tipo_conta`) VALUES (784154, 2921, 8624.33, AES_ENCRYPT(893281, @chave), 'Conta Poupança');
INSERT INTO `conta` (`num_conta`, `num_agencia`, `saldo`, `senha`, `tipo_conta`) VALUES (910511, 8714, 7100.62, AES_ENCRYPT(722253, @chave), 'Conta Poupança');
INSERT INTO `conta` (`num_conta`, `num_agencia`, `saldo`, `senha`, `tipo_conta`) VALUES (285172, 2921, 3302.16, AES_ENCRYPT(275873, @chave), 'Conta Poupança');
INSERT INTO `conta` (`num_conta`, `num_agencia`, `saldo`, `senha`, `tipo_conta`) VALUES (613817, 7820, 7037.16, AES_ENCRYPT(804452, @chave), 'Conta Poupança');
INSERT INTO `conta` (`num_conta`, `num_agencia`, `saldo`, `senha`, `tipo_conta`) VALUES (372129, 7820, 8368.54, AES_ENCRYPT(291175, @chave), 'Conta Poupança');
INSERT INTO `conta` (`num_conta`, `num_agencia`, `saldo`, `senha`, `tipo_conta`) VALUES (874163, 6436, 6248.51, AES_ENCRYPT(949284, @chave), 'Conta Poupança');
INSERT INTO `conta` (`num_conta`, `num_agencia`, `saldo`, `senha`, `tipo_conta`) VALUES (804089, 7379, 6758.68, AES_ENCRYPT(805277, @chave), 'Conta Poupança');
INSERT INTO `conta` (`num_conta`, `num_agencia`, `saldo`, `senha`, `tipo_conta`) VALUES (834440, 7379, 267.64, AES_ENCRYPT(826706, @chave), 'Conta Poupança');
INSERT INTO `conta` (`num_conta`, `num_agencia`, `saldo`, `senha`, `tipo_conta`) VALUES (830557, 6436, 342.81, AES_ENCRYPT(809916, @chave), 'Conta Poupança');
INSERT INTO `conta` (`num_conta`, `num_agencia`, `saldo`, `senha`, `tipo_conta`) VALUES (986479, 6436, 4231.43, AES_ENCRYPT(170035, @chave), 'Conta Poupança');
INSERT INTO `conta` (`num_conta`, `num_agencia`, `saldo`, `senha`, `tipo_conta`) VALUES (513279, 8714, -272.79, AES_ENCRYPT(348536, @chave), 'Conta Especial');
INSERT INTO `conta` (`num_conta`, `num_agencia`, `saldo`, `senha`, `tipo_conta`) VALUES (678050, 2921, 4937.15, AES_ENCRYPT(787316, @chave), 'Conta Especial');
INSERT INTO `conta` (`num_conta`, `num_agencia`, `saldo`, `senha`, `tipo_conta`) VALUES (779511, 2921, -131.49, AES_ENCRYPT(603226, @chave), 'Conta Especial');
INSERT INTO `conta` (`num_conta`, `num_agencia`, `saldo`, `senha`, `tipo_conta`) VALUES (363829, 2921, 1017.73, AES_ENCRYPT(865224, @chave), 'Conta Especial');
INSERT INTO `conta` (`num_conta`, `num_agencia`, `saldo`, `senha`, `tipo_conta`) VALUES (885015, 2921, -69.45, AES_ENCRYPT(671054, @chave), 'Conta Especial');
INSERT INTO `conta` (`num_conta`, `num_agencia`, `saldo`, `senha`, `tipo_conta`) VALUES (750483, 6436, 871.20, AES_ENCRYPT(521938, @chave), 'Conta Especial');
INSERT INTO `conta` (`num_conta`, `num_agencia`, `saldo`, `senha`, `tipo_conta`) VALUES (348913, 8714, -447.22, AES_ENCRYPT(462981, @chave), 'Conta Especial');
INSERT INTO `conta` (`num_conta`, `num_agencia`, `saldo`, `senha`, `tipo_conta`) VALUES (885720, 7379, 9910.29, AES_ENCRYPT(679315, @chave), 'Conta Especial');
INSERT INTO `conta` (`num_conta`, `num_agencia`, `saldo`, `senha`, `tipo_conta`) VALUES (487652, 7820, -35.66, AES_ENCRYPT(440435, @chave), 'Conta Especial');
INSERT INTO `conta` (`num_conta`, `num_agencia`, `saldo`, `senha`, `tipo_conta`) VALUES (387029, 7820, 1419.11, AES_ENCRYPT(744929, @chave), 'Conta Especial');

COMMIT;


-- -----------------------------------------------------
-- Data for table `conta_poupanca`
-- -----------------------------------------------------
START TRANSACTION;
USE `Equipe374876`;
INSERT INTO `conta_poupanca` (`num_conta`, `taxa_juros`) VALUES (784154, 3.79);
INSERT INTO `conta_poupanca` (`num_conta`, `taxa_juros`) VALUES (910511, 2.19);
INSERT INTO `conta_poupanca` (`num_conta`, `taxa_juros`) VALUES (285172, 1.58);
INSERT INTO `conta_poupanca` (`num_conta`, `taxa_juros`) VALUES (613817, 3.46);
INSERT INTO `conta_poupanca` (`num_conta`, `taxa_juros`) VALUES (372129, 2.92);
INSERT INTO `conta_poupanca` (`num_conta`, `taxa_juros`) VALUES (874163, 0.84);
INSERT INTO `conta_poupanca` (`num_conta`, `taxa_juros`) VALUES (804089, 2.36);
INSERT INTO `conta_poupanca` (`num_conta`, `taxa_juros`) VALUES (834440, 3.76);
INSERT INTO `conta_poupanca` (`num_conta`, `taxa_juros`) VALUES (830557, 4.83);
INSERT INTO `conta_poupanca` (`num_conta`, `taxa_juros`) VALUES (986479, 0.85);

COMMIT;


-- -----------------------------------------------------
-- Data for table `conta_especial`
-- -----------------------------------------------------
START TRANSACTION;
USE `Equipe374876`;
INSERT INTO `conta_especial` (`num_conta`, `limite_credito`) VALUES (513279, 331);
INSERT INTO `conta_especial` (`num_conta`, `limite_credito`) VALUES (678050, 477);
INSERT INTO `conta_especial` (`num_conta`, `limite_credito`) VALUES (779511, 425);
INSERT INTO `conta_especial` (`num_conta`, `limite_credito`) VALUES (363829, 218);
INSERT INTO `conta_especial` (`num_conta`, `limite_credito`) VALUES (885015, 236);
INSERT INTO `conta_especial` (`num_conta`, `limite_credito`) VALUES (750483, 286);
INSERT INTO `conta_especial` (`num_conta`, `limite_credito`) VALUES (348913, 454);
INSERT INTO `conta_especial` (`num_conta`, `limite_credito`) VALUES (885720, 432);
INSERT INTO `conta_especial` (`num_conta`, `limite_credito`) VALUES (487652, 177);
INSERT INTO `conta_especial` (`num_conta`, `limite_credito`) VALUES (387029, 189);

COMMIT;


-- -----------------------------------------------------
-- Data for table `transacao`
-- -----------------------------------------------------
START TRANSACTION;
USE `Equipe374876`;
INSERT INTO `transacao` (`num_transacao`, `valor_transacao`, `data_hora`, `tipo`) VALUES (1, 2430.89, '2016-03-25 02:33:36', 'Estorno');
INSERT INTO `transacao` (`num_transacao`, `valor_transacao`, `data_hora`, `tipo`) VALUES (2, -944.64, '2016-05-18 21:11:11', 'Saque');
INSERT INTO `transacao` (`num_transacao`, `valor_transacao`, `data_hora`, `tipo`) VALUES (3, -2978.10, '2016-07-18 11:30:25', 'Transferência');
INSERT INTO `transacao` (`num_transacao`, `valor_transacao`, `data_hora`, `tipo`) VALUES (4, 2978.10, '2016-07-18 11:30:25', 'Transferência');
INSERT INTO `transacao` (`num_transacao`, `valor_transacao`, `data_hora`, `tipo`) VALUES (5, 1536.86, '2016-12-17 05:36:54', 'Depósito');
INSERT INTO `transacao` (`num_transacao`, `valor_transacao`, `data_hora`, `tipo`) VALUES (6, -4182.24, '2017-01-15 23:15:54', 'Saque');
INSERT INTO `transacao` (`num_transacao`, `valor_transacao`, `data_hora`, `tipo`) VALUES (7, 4044.63, '2017-01-23 14:21:30', 'Depósito');
INSERT INTO `transacao` (`num_transacao`, `valor_transacao`, `data_hora`, `tipo`) VALUES (8, -1509.83, '2017-01-25 02:23:52', 'Saque');
INSERT INTO `transacao` (`num_transacao`, `valor_transacao`, `data_hora`, `tipo`) VALUES (9, -331.63, '2017-02-10 13:10:10', 'Transferência');
INSERT INTO `transacao` (`num_transacao`, `valor_transacao`, `data_hora`, `tipo`) VALUES (10, 331.63, '2017-02-10 13:10:10', 'Transferência');
INSERT INTO `transacao` (`num_transacao`, `valor_transacao`, `data_hora`, `tipo`) VALUES (11, 1118.84, '2017-02-23 16:42:34', 'Estorno');
INSERT INTO `transacao` (`num_transacao`, `valor_transacao`, `data_hora`, `tipo`) VALUES (12, 3623.83, '2017-03-03 12:20:45', 'Depósito');
INSERT INTO `transacao` (`num_transacao`, `valor_transacao`, `data_hora`, `tipo`) VALUES (13, -2802.90, '2017-04-04 10:50:29', 'Transferência');
INSERT INTO `transacao` (`num_transacao`, `valor_transacao`, `data_hora`, `tipo`) VALUES (14, 2802.90, '2017-04-04 10:50:29', 'Transferência');
INSERT INTO `transacao` (`num_transacao`, `valor_transacao`, `data_hora`, `tipo`) VALUES (15, -333.92, '2017-04-24 16:30:00', 'Transferência');
INSERT INTO `transacao` (`num_transacao`, `valor_transacao`, `data_hora`, `tipo`) VALUES (16, 333.92, '2017-04-24 16:30:00', 'Transferência');
INSERT INTO `transacao` (`num_transacao`, `valor_transacao`, `data_hora`, `tipo`) VALUES (17, -2383.09, '2017-04-29 13:02:52', 'Saque');
INSERT INTO `transacao` (`num_transacao`, `valor_transacao`, `data_hora`, `tipo`) VALUES (18, 432.42, '2017-05-23 15:50:41', 'Depósito');
INSERT INTO `transacao` (`num_transacao`, `valor_transacao`, `data_hora`, `tipo`) VALUES (19, -1682.85, '2017-06-30 10:12:20', 'Saque');
INSERT INTO `transacao` (`num_transacao`, `valor_transacao`, `data_hora`, `tipo`) VALUES (20, 3495.94, '2017-07-28 05:21:16', 'Estorno');
INSERT INTO `transacao` (`num_transacao`, `valor_transacao`, `data_hora`, `tipo`) VALUES (21, 1522.92, '2017-08-17 12:50:51', 'Estorno');
INSERT INTO `transacao` (`num_transacao`, `valor_transacao`, `data_hora`, `tipo`) VALUES (22, -4003.64, '2017-09-02 09:28:27', 'Transferência');
INSERT INTO `transacao` (`num_transacao`, `valor_transacao`, `data_hora`, `tipo`) VALUES (23, 4003.64, '2017-09-02 09:28:27', 'Transferência');
INSERT INTO `transacao` (`num_transacao`, `valor_transacao`, `data_hora`, `tipo`) VALUES (24, -2163.08, '2017-10-25 01:27:48', 'Transferência');
INSERT INTO `transacao` (`num_transacao`, `valor_transacao`, `data_hora`, `tipo`) VALUES (25, 2163.08, '2017-10-25 01:27:48', 'Transferência');
INSERT INTO `transacao` (`num_transacao`, `valor_transacao`, `data_hora`, `tipo`) VALUES (26, 250.00, '2017-11-01 04:19:00', 'Depósito');
INSERT INTO `transacao` (`num_transacao`, `valor_transacao`, `data_hora`, `tipo`) VALUES (27, 235.62, '2017-11-07 10:15:24', 'Estorno');
INSERT INTO `transacao` (`num_transacao`, `valor_transacao`, `data_hora`, `tipo`) VALUES (28, -415.75, '2017-11-10 23:24:59', 'Saque');
INSERT INTO `transacao` (`num_transacao`, `valor_transacao`, `data_hora`, `tipo`) VALUES (29, 368.24, '2017-11-12 05:02:12', 'Depósito');
INSERT INTO `transacao` (`num_transacao`, `valor_transacao`, `data_hora`, `tipo`) VALUES (30, 953.25, '2017-11-15 21:51:42', 'Depósito');

COMMIT;


-- -----------------------------------------------------
-- Data for table `realiza`
-- -----------------------------------------------------
START TRANSACTION;
USE `Equipe374876`;
INSERT INTO `realiza` (`num_transacao`, `num_conta`) VALUES (1, 164711);
INSERT INTO `realiza` (`num_transacao`, `num_conta`) VALUES (2, 784581);
INSERT INTO `realiza` (`num_transacao`, `num_conta`) VALUES (3, 015040);
INSERT INTO `realiza` (`num_transacao`, `num_conta`) VALUES (4, 965824);
INSERT INTO `realiza` (`num_transacao`, `num_conta`) VALUES (5, 365256);
INSERT INTO `realiza` (`num_transacao`, `num_conta`) VALUES (6, 463126);
INSERT INTO `realiza` (`num_transacao`, `num_conta`) VALUES (7, 812821);
INSERT INTO `realiza` (`num_transacao`, `num_conta`) VALUES (8, 026226);
INSERT INTO `realiza` (`num_transacao`, `num_conta`) VALUES (9, 954152);
INSERT INTO `realiza` (`num_transacao`, `num_conta`) VALUES (10, 602510);
INSERT INTO `realiza` (`num_transacao`, `num_conta`) VALUES (11, 784154);
INSERT INTO `realiza` (`num_transacao`, `num_conta`) VALUES (12, 910511);
INSERT INTO `realiza` (`num_transacao`, `num_conta`) VALUES (13, 285172);
INSERT INTO `realiza` (`num_transacao`, `num_conta`) VALUES (14, 613817);
INSERT INTO `realiza` (`num_transacao`, `num_conta`) VALUES (15, 372129);
INSERT INTO `realiza` (`num_transacao`, `num_conta`) VALUES (16, 874163);
INSERT INTO `realiza` (`num_transacao`, `num_conta`) VALUES (17, 804089);
INSERT INTO `realiza` (`num_transacao`, `num_conta`) VALUES (18, 834440);
INSERT INTO `realiza` (`num_transacao`, `num_conta`) VALUES (19, 830557);
INSERT INTO `realiza` (`num_transacao`, `num_conta`) VALUES (20, 986479);
INSERT INTO `realiza` (`num_transacao`, `num_conta`) VALUES (21, 678050);
INSERT INTO `realiza` (`num_transacao`, `num_conta`) VALUES (22, 363829);
INSERT INTO `realiza` (`num_transacao`, `num_conta`) VALUES (23, 750483);
INSERT INTO `realiza` (`num_transacao`, `num_conta`) VALUES (24, 885720);
INSERT INTO `realiza` (`num_transacao`, `num_conta`) VALUES (25, 387029);
INSERT INTO `realiza` (`num_transacao`, `num_conta`) VALUES (26, 164711);
INSERT INTO `realiza` (`num_transacao`, `num_conta`) VALUES (27, 784581);
INSERT INTO `realiza` (`num_transacao`, `num_conta`) VALUES (28, 463126);
INSERT INTO `realiza` (`num_transacao`, `num_conta`) VALUES (29, 602510);
INSERT INTO `realiza` (`num_transacao`, `num_conta`) VALUES (30, 602510);

COMMIT;


-- -----------------------------------------------------
-- Data for table `cliente`
-- -----------------------------------------------------
START TRANSACTION;
USE `Equipe374876`;
INSERT INTO `cliente` (`cpf`, `rg`, `nome`, `data_nasc`, `cidade`, `endereco`) VALUES ('41587462518', '541284628-186484', 'Dustin Henderson', '1971-04-18', 'Hawkings', 'Rua José Parente Sampaio');
INSERT INTO `cliente` (`cpf`, `rg`, `nome`, `data_nasc`, `cidade`, `endereco`) VALUES ('88544517866', '522492566-562452', 'Will Byers', '1971-08-28', 'Hawkings', 'Rua B');
INSERT INTO `cliente` (`cpf`, `rg`, `nome`, `data_nasc`, `cidade`, `endereco`) VALUES ('59944568461', '795121463-284186', 'Mike Wheeler', '1971-12-01', 'Hawkings', 'Rua Murici');
INSERT INTO `cliente` (`cpf`, `rg`, `nome`, `data_nasc`, `cidade`, `endereco`) VALUES ('58549135133', '784931658-194716', 'Frida Kahlo', '1945-11-03', 'Icó', 'Rua Menezes Paredes');
INSERT INTO `cliente` (`cpf`, `rg`, `nome`, `data_nasc`, `cidade`, `endereco`) VALUES ('19416568746', '116511188-516659', 'Margaret Hamilton', '1922-05-05', 'Indiana', 'Rua Foz do Iguaçu');
INSERT INTO `cliente` (`cpf`, `rg`, `nome`, `data_nasc`, `cidade`, `endereco`) VALUES ('84154951621', '162195165-156744', 'Brenda Chapman', '1959-08-26', 'Beason', 'Rua Carlos Marighela');
INSERT INTO `cliente` (`cpf`, `rg`, `nome`, `data_nasc`, `cidade`, `endereco`) VALUES ('47948651514', '847151635-845145', 'Irena Sendler', '1960-04-04', 'Londres', 'Rua Arabidé');
INSERT INTO `cliente` (`cpf`, `rg`, `nome`, `data_nasc`, `cidade`, `endereco`) VALUES ('84984561515', '988787845-545447', 'Nelson Mandela', '1959-08-25', 'Icó', 'Rua F');
INSERT INTO `cliente` (`cpf`, `rg`, `nome`, `data_nasc`, `cidade`, `endereco`) VALUES ('79488487552', '788484841-112224', 'Kelgilson Gomes', '1976-01-01', 'Icó', 'Rua Augusto Cesar');
INSERT INTO `cliente` (`cpf`, `rg`, `nome`, `data_nasc`, `cidade`, `endereco`) VALUES ('98963112021', '022132315-212121', 'Fred Mercury', '1965-02-23', 'Sobral', 'Rua da Arabaiana');
INSERT INTO `cliente` (`cpf`, `rg`, `nome`, `data_nasc`, `cidade`, `endereco`) VALUES ('84484848484', '878451512-021661', 'Alan Turing', '1943-07-18', 'Indiana', 'Rua Tancredo Neves');
INSERT INTO `cliente` (`cpf`, `rg`, `nome`, `data_nasc`, `cidade`, `endereco`) VALUES ('56691223322', '987426124-517516', 'Gretchen Queen', '1996-09-21', 'Sobral', 'Rua Tancredo Neves');
INSERT INTO `cliente` (`cpf`, `rg`, `nome`, `data_nasc`, `cidade`, `endereco`) VALUES ('15975764216', '324164251-572726', 'Xuxa Meneguel', '1923-10-31', 'Meruoca', 'Rua José de Alencar');
INSERT INTO `cliente` (`cpf`, `rg`, `nome`, `data_nasc`, `cidade`, `endereco`) VALUES ('71279279197', '622167515-979159', 'Margareth Thacher', '1930-11-04', 'Londres', 'Rua Arabidé');
INSERT INTO `cliente` (`cpf`, `rg`, `nome`, `data_nasc`, `cidade`, `endereco`) VALUES ('79497859457', '878795151-845153', 'Machado de Assis', '1919-05-05', 'Beason', 'Rua José Parente Sampaio');
INSERT INTO `cliente` (`cpf`, `rg`, `nome`, `data_nasc`, `cidade`, `endereco`) VALUES ('76151230215', '034261597-177597', 'Clark Kent', '1987-12-26', 'Sobral', 'Rua F');
INSERT INTO `cliente` (`cpf`, `rg`, `nome`, `data_nasc`, `cidade`, `endereco`) VALUES ('84415154845', '474164879-997499', 'Evaristo Costa', '1978-06-13', 'Meruoca', 'Rua Menezes Paredes');
INSERT INTO `cliente` (`cpf`, `rg`, `nome`, `data_nasc`, `cidade`, `endereco`) VALUES ('72975957917', '127915974-979459', 'Anne Hathway', '1987-03-28', 'Pereiro', 'Rua B');
INSERT INTO `cliente` (`cpf`, `rg`, `nome`, `data_nasc`, `cidade`, `endereco`) VALUES ('97548749742', '416164126-597794', 'Theodoro Bertotti', '1963-05-08', 'Ouro Preto', 'Rua Murici');
INSERT INTO `cliente` (`cpf`, `rg`, `nome`, `data_nasc`, `cidade`, `endereco`) VALUES ('32623126547', '619761674-527777', 'Beyonce  Knowles', '1959-08-25', 'Gramado', 'Rua Augusto Cesar');

COMMIT;


-- -----------------------------------------------------
-- Data for table `conta_cliente`
-- -----------------------------------------------------
START TRANSACTION;
USE `Equipe374876`;
INSERT INTO `conta_cliente` (`cpf_cliente`, `num_conta`, `num_agencia`) VALUES ('41587462518', 164711, 2921);
INSERT INTO `conta_cliente` (`cpf_cliente`, `num_conta`, `num_agencia`) VALUES ('32623126547', 784581, 7820);
INSERT INTO `conta_cliente` (`cpf_cliente`, `num_conta`, `num_agencia`) VALUES ('32623126547', 015040, 8714);
INSERT INTO `conta_cliente` (`cpf_cliente`, `num_conta`, `num_agencia`) VALUES ('79497859457', 965824, 7379);
INSERT INTO `conta_cliente` (`cpf_cliente`, `num_conta`, `num_agencia`) VALUES ('88544517866', 365256, 2921);
INSERT INTO `conta_cliente` (`cpf_cliente`, `num_conta`, `num_agencia`) VALUES ('41587462518', 463126, 7820);
INSERT INTO `conta_cliente` (`cpf_cliente`, `num_conta`, `num_agencia`) VALUES ('79488487552', 812821, 6436);
INSERT INTO `conta_cliente` (`cpf_cliente`, `num_conta`, `num_agencia`) VALUES ('84484848484', 026226, 8714);
INSERT INTO `conta_cliente` (`cpf_cliente`, `num_conta`, `num_agencia`) VALUES ('98963112021', 954152, 6436);
INSERT INTO `conta_cliente` (`cpf_cliente`, `num_conta`, `num_agencia`) VALUES ('76151230215', 602510, 7379);
INSERT INTO `conta_cliente` (`cpf_cliente`, `num_conta`, `num_agencia`) VALUES ('59944568461', 784154, 2921);
INSERT INTO `conta_cliente` (`cpf_cliente`, `num_conta`, `num_agencia`) VALUES ('15975764216', 910511, 8714);
INSERT INTO `conta_cliente` (`cpf_cliente`, `num_conta`, `num_agencia`) VALUES ('58549135133', 285172, 2921);
INSERT INTO `conta_cliente` (`cpf_cliente`, `num_conta`, `num_agencia`) VALUES ('79488487552', 613817, 7820);
INSERT INTO `conta_cliente` (`cpf_cliente`, `num_conta`, `num_agencia`) VALUES ('79497859457', 372129, 7820);
INSERT INTO `conta_cliente` (`cpf_cliente`, `num_conta`, `num_agencia`) VALUES ('84484848484', 874163, 6436);
INSERT INTO `conta_cliente` (`cpf_cliente`, `num_conta`, `num_agencia`) VALUES ('84415154845', 804089, 7379);
INSERT INTO `conta_cliente` (`cpf_cliente`, `num_conta`, `num_agencia`) VALUES ('72975957917', 834440, 7379);
INSERT INTO `conta_cliente` (`cpf_cliente`, `num_conta`, `num_agencia`) VALUES ('56691223322', 830557, 6436);
INSERT INTO `conta_cliente` (`cpf_cliente`, `num_conta`, `num_agencia`) VALUES ('15975764216', 986479, 6436);
INSERT INTO `conta_cliente` (`cpf_cliente`, `num_conta`, `num_agencia`) VALUES ('84154951621', 513279, 8714);
INSERT INTO `conta_cliente` (`cpf_cliente`, `num_conta`, `num_agencia`) VALUES ('19416568746', 678050, 2921);
INSERT INTO `conta_cliente` (`cpf_cliente`, `num_conta`, `num_agencia`) VALUES ('84154951621', 779511, 2921);
INSERT INTO `conta_cliente` (`cpf_cliente`, `num_conta`, `num_agencia`) VALUES ('47948651514', 363829, 2921);
INSERT INTO `conta_cliente` (`cpf_cliente`, `num_conta`, `num_agencia`) VALUES ('84984561515', 885015, 2921);
INSERT INTO `conta_cliente` (`cpf_cliente`, `num_conta`, `num_agencia`) VALUES ('71279279197', 750483, 6436);
INSERT INTO `conta_cliente` (`cpf_cliente`, `num_conta`, `num_agencia`) VALUES ('71279279197', 348913, 8714);
INSERT INTO `conta_cliente` (`cpf_cliente`, `num_conta`, `num_agencia`) VALUES ('97548749742', 885720, 7379);
INSERT INTO `conta_cliente` (`cpf_cliente`, `num_conta`, `num_agencia`) VALUES ('84484848484', 487652, 7820);
INSERT INTO `conta_cliente` (`cpf_cliente`, `num_conta`, `num_agencia`) VALUES ('59944568461', 387029, 7820);
INSERT INTO `conta_cliente` (`cpf_cliente`, `num_conta`, `num_agencia`) VALUES ('79488487552', 365256, 2921);
INSERT INTO `conta_cliente` (`cpf_cliente`, `num_conta`, `num_agencia`) VALUES ('84984561515', 954152, 6436);
INSERT INTO `conta_cliente` (`cpf_cliente`, `num_conta`, `num_agencia`) VALUES ('84415154845', 613817, 7820);
INSERT INTO `conta_cliente` (`cpf_cliente`, `num_conta`, `num_agencia`) VALUES ('19416568746', 834440, 7379);
INSERT INTO `conta_cliente` (`cpf_cliente`, `num_conta`, `num_agencia`) VALUES ('15975764216', 779511, 2921);

COMMIT;


-- -----------------------------------------------------
-- Data for table `dependente`
-- -----------------------------------------------------
START TRANSACTION;
USE `Equipe374876`;
INSERT INTO `dependente` (`mat_funcionario`, `nome_dependente`, `parentesco`, `data_nasc`, `idade`) VALUES (2, 'Luiz Giovanni', 'Filho', '1995-06-14', 22);
INSERT INTO `dependente` (`mat_funcionario`, `nome_dependente`, `parentesco`, `data_nasc`, `idade`) VALUES (13, 'Alexandre Barros', 'Cônjuge', '1979-04-14', 38);
INSERT INTO `dependente` (`mat_funcionario`, `nome_dependente`, `parentesco`, `data_nasc`, `idade`) VALUES (3, 'Heitor Dias', 'Filho', '1993-09-11', 24);
INSERT INTO `dependente` (`mat_funcionario`, `nome_dependente`, `parentesco`, `data_nasc`, `idade`) VALUES (10, 'Sophia Moura', 'Filha', '1992-11-18', 24);
INSERT INTO `dependente` (`mat_funcionario`, `nome_dependente`, `parentesco`, `data_nasc`, `idade`) VALUES (10, 'Elisa Moura', 'Genitora', '1953-08-22', 64);
INSERT INTO `dependente` (`mat_funcionario`, `nome_dependente`, `parentesco`, `data_nasc`, `idade`) VALUES (8, 'Henry Campos', 'Genitor', '1947-08-19', 70);
INSERT INTO `dependente` (`mat_funcionario`, `nome_dependente`, `parentesco`, `data_nasc`, `idade`) VALUES (6, 'Gabrielly Hadassa', 'Cônjuge', '1966-03-01', 51);
INSERT INTO `dependente` (`mat_funcionario`, `nome_dependente`, `parentesco`, `data_nasc`, `idade`) VALUES (12, 'Agatha Gomes', 'Cônjuge', '1972-12-24', 44);
INSERT INTO `dependente` (`mat_funcionario`, `nome_dependente`, `parentesco`, `data_nasc`, `idade`) VALUES (8, 'Sophie Campos', 'Filha', '1999-04-24', 18);
INSERT INTO `dependente` (`mat_funcionario`, `nome_dependente`, `parentesco`, `data_nasc`, `idade`) VALUES (1, 'Bruno Cavalcanti', 'Filho', '1994-10-18', 23);
INSERT INTO `dependente` (`mat_funcionario`, `nome_dependente`, `parentesco`, `data_nasc`, `idade`) VALUES (10, 'Júlia Schiavon', 'Filha', '1995-10-21', 22);
INSERT INTO `dependente` (`mat_funcionario`, `nome_dependente`, `parentesco`, `data_nasc`, `idade`) VALUES (7, 'Evaristo Costa', 'Filho', '2016-10-28', 1);
INSERT INTO `dependente` (`mat_funcionario`, `nome_dependente`, `parentesco`, `data_nasc`, `idade`) VALUES (9, 'Jackson Chang', 'Genitor', '1968-01-29', 49);
INSERT INTO `dependente` (`mat_funcionario`, `nome_dependente`, `parentesco`, `data_nasc`, `idade`) VALUES (5, 'Ignacia Gilbert', 'Genitora', '1959-09-03', 58);
INSERT INTO `dependente` (`mat_funcionario`, `nome_dependente`, `parentesco`, `data_nasc`, `idade`) VALUES (1, 'Chancellor Hull', 'Cônjuge', '1968-05-22', 49);
INSERT INTO `dependente` (`mat_funcionario`, `nome_dependente`, `parentesco`, `data_nasc`, `idade`) VALUES (6, 'Britanney Michael', 'Genitora', '1938-10-23', 79);
INSERT INTO `dependente` (`mat_funcionario`, `nome_dependente`, `parentesco`, `data_nasc`, `idade`) VALUES (9, 'Kessie Byrd', 'Cônjuge', '1997-03-03', 20);
INSERT INTO `dependente` (`mat_funcionario`, `nome_dependente`, `parentesco`, `data_nasc`, `idade`) VALUES (7, 'Jena Mcfadden', 'Genitora', '1969-02-27', 48);
INSERT INTO `dependente` (`mat_funcionario`, `nome_dependente`, `parentesco`, `data_nasc`, `idade`) VALUES (7, 'Lawrence Jackson', 'Filha', '2017-11-07', 0);
INSERT INTO `dependente` (`mat_funcionario`, `nome_dependente`, `parentesco`, `data_nasc`, `idade`) VALUES (6, 'Olga Houston', 'Filha', '1991-06-22', 26);
INSERT INTO `dependente` (`mat_funcionario`, `nome_dependente`, `parentesco`, `data_nasc`, `idade`) VALUES (15, 'Imogene Parks', 'Genitora', '1956-08-29', 61);
INSERT INTO `dependente` (`mat_funcionario`, `nome_dependente`, `parentesco`, `data_nasc`, `idade`) VALUES (6, 'Olivia Collins', 'Filha', '1987-06-29', 30);
INSERT INTO `dependente` (`mat_funcionario`, `nome_dependente`, `parentesco`, `data_nasc`, `idade`) VALUES (1, 'Kaye Delaney', 'Filha', '1997-03-03', 20);
INSERT INTO `dependente` (`mat_funcionario`, `nome_dependente`, `parentesco`, `data_nasc`, `idade`) VALUES (9, 'Tasha Aguilar', 'Filha', '2017-10-29', 0);
INSERT INTO `dependente` (`mat_funcionario`, `nome_dependente`, `parentesco`, `data_nasc`, `idade`) VALUES (4, 'Gary Wooten', 'Genitor', '1998-05-07', 19);

COMMIT;


-- -----------------------------------------------------
-- Data for table `conta_corrente`
-- -----------------------------------------------------
START TRANSACTION;
USE `Equipe374876`;
INSERT INTO `conta_corrente` (`num_conta`) VALUES (164711);
INSERT INTO `conta_corrente` (`num_conta`) VALUES (784581);
INSERT INTO `conta_corrente` (`num_conta`) VALUES (015040);
INSERT INTO `conta_corrente` (`num_conta`) VALUES (965824);
INSERT INTO `conta_corrente` (`num_conta`) VALUES (365256);
INSERT INTO `conta_corrente` (`num_conta`) VALUES (463126);
INSERT INTO `conta_corrente` (`num_conta`) VALUES (812821);
INSERT INTO `conta_corrente` (`num_conta`) VALUES (026226);
INSERT INTO `conta_corrente` (`num_conta`) VALUES (954152);
INSERT INTO `conta_corrente` (`num_conta`) VALUES (602510);

COMMIT;

USE `Equipe374876`;

DELIMITER $$

USE `Equipe374876`$$
DROP TRIGGER IF EXISTS `salario_1500_bef_ins` $$
USE `Equipe374876`$$
CREATE DEFINER = CURRENT_USER TRIGGER `Equipe374876`.`salario_1500_bef_ins` BEFORE INSERT ON `funcionario` FOR EACH ROW
BEGIN
	IF NEW.salario < 1500.00 THEN
		SIGNAL SQLSTATE'45000' SET MESSAGE_TEXT = 'O salário não pode ser menor que R$1500,00!';
    END IF;
END;$$


USE `Equipe374876`$$
DROP TRIGGER IF EXISTS `salario_montante_aft_ins` $$
USE `Equipe374876`$$
CREATE DEFINER = CURRENT_USER TRIGGER `Equipe374876`.`salario_montante_aft_ins` AFTER INSERT ON `funcionario` FOR EACH ROW
BEGIN
	UPDATE agencia a 
	SET a.salario_montante = (SELECT 
			SUM(f.salario)
		FROM
			funcionario f
		GROUP BY f.lotacao
		HAVING f.lotacao = NEW.lotacao)
	WHERE
		a.numero = NEW.lotacao;
END;$$


USE `Equipe374876`$$
DROP TRIGGER IF EXISTS `salario_1500_bef_upd` $$
USE `Equipe374876`$$
CREATE DEFINER = CURRENT_USER TRIGGER `Equipe374876`.`salario_1500_bef_upd` BEFORE UPDATE ON `funcionario` FOR EACH ROW
BEGIN
	IF NEW.salario < 1500.00 THEN
		SIGNAL SQLSTATE'45000' SET MESSAGE_TEXT = 'O salário não pode ser menor que R$1500,00!';
    END IF;
END;$$


USE `Equipe374876`$$
DROP TRIGGER IF EXISTS `salario_montante_aft_upd` $$
USE `Equipe374876`$$
CREATE DEFINER = CURRENT_USER TRIGGER `Equipe374876`.`salario_montante_aft_upd` AFTER UPDATE ON `funcionario` FOR EACH ROW
BEGIN
	UPDATE agencia a 
	SET a.salario_montante = (SELECT 
			SUM(f.salario)
		FROM
			funcionario f
		GROUP BY f.lotacao
		HAVING f.lotacao = NEW.lotacao)
	WHERE
		a.numero = NEW.lotacao;
END;$$


USE `Equipe374876`$$
DROP TRIGGER IF EXISTS `salario_montante_aft_del` $$
USE `Equipe374876`$$
CREATE DEFINER = CURRENT_USER TRIGGER `Equipe374876`.`salario_montante_aft_del` AFTER DELETE ON `funcionario` FOR EACH ROW
BEGIN
	UPDATE agencia a 
	SET a.salario_montante = (SELECT 
			SUM(f.salario)
		FROM
			funcionario f
		GROUP BY f.lotacao
		HAVING f.lotacao = OLD.lotacao)
	WHERE
		a.numero = OLD.lotacao;
END;$$


USE `Equipe374876`$$
DROP TRIGGER IF EXISTS `transferencia_aft_ins` $$
USE `Equipe374876`$$
CREATE DEFINER = CURRENT_USER TRIGGER `Equipe374876`.`transferencia_aft_ins` AFTER INSERT ON `transacao` FOR EACH ROW
BEGIN
	-- IF (NEW.valor_transacao < 0) AND (NEW.tipo = "Transferência") THEN
    --     INSERT INTO `transacao` (`valor_transacao`, `data_hora`, `tipo`) VALUES (- NEW.valor_transacao, now(), "Transferência");
    -- END IF;
END;$$


USE `Equipe374876`$$
DROP TRIGGER IF EXISTS `update_saldo_cliente_aft_ins` $$
USE `Equipe374876`$$
CREATE DEFINER = CURRENT_USER TRIGGER `Equipe374876`.`update_saldo_cliente_aft_ins` AFTER INSERT ON `realiza` FOR EACH ROW
BEGIN
	IF ((SELECT valor_transacao FROM transacao t WHERE t.num_transacao = NEW.num_transacao) < -(SELECT saldo FROM conta c WHERE c.num_conta = NEW.num_conta))
		AND (((SELECT tipo_conta FROM conta c WHERE c.num_conta = NEW.num_conta) = 'Conta Corrente')
        OR ((SELECT tipo_conta FROM conta c WHERE c.num_conta = NEW.num_conta) = 'Conta Poupança')) THEN
        SIGNAL SQLSTATE '45000' SET MESSAGE_TEXT = 'Saldo Insuficiente!';
	
    ELSEIF (SELECT valor_transacao FROM transacao t WHERE t.num_transacao = NEW.num_transacao) <
		-((SELECT saldo FROM conta c WHERE c.num_conta = NEW.num_conta) + (SELECT limite_credito FROM conta_especial ce WHERE ce.num_conta = NEW.num_conta)) THEN
        SIGNAL SQLSTATE '45000' SET MESSAGE_TEXT = 'Limite de Crédito Insuficiente!';
	
    ELSE
		UPDATE conta 
		SET 
			saldo = saldo + (SELECT 
					valor_transacao
				FROM
					transacao t
				WHERE
					t.num_transacao = NEW.num_transacao)
		WHERE
			num_conta = NEW.num_conta;
	END IF;
END$$


USE `Equipe374876`$$
DROP TRIGGER IF EXISTS `conta_conjunta_agencia_bfr_ins` $$
USE `Equipe374876`$$
CREATE DEFINER = CURRENT_USER TRIGGER `Equipe374876`.`conta_conjunta_agencia_bfr_ins` BEFORE INSERT ON `conta_cliente` FOR EACH ROW
BEGIN
	IF (SELECT COUNT(*) FROM conta_cliente WHERE num_conta = NEW.num_conta GROUP BY num_conta) = 2 THEN
		SIGNAL SQLSTATE '45000' SET MESSAGE_TEXT = 'Esta conta já possui dois clientes!';
    END IF;
    
    IF (SELECT COUNT(*) FROM conta_cliente WHERE num_agencia = NEW.num_agencia AND cpf_cliente = NEW.cpf_cliente) = 1 THEN
		SIGNAL SQLSTATE '45000' SET MESSAGE_TEXT = 'Este cliente já possui uma conta nesta agência!';
	END IF;
END$$


USE `Equipe374876`$$
DROP TRIGGER IF EXISTS `cinco_dependentes_bef_ins` $$
USE `Equipe374876`$$
CREATE DEFINER = CURRENT_USER TRIGGER `Equipe374876`.`cinco_dependentes_bef_ins` BEFORE INSERT ON `dependente` FOR EACH ROW
BEGIN
	IF (SELECT COUNT(d.mat_funcionario) FROM funcionario f JOIN dependente d ON d.mat_funcionario = f.matricula WHERE d.mat_funcionario = NEW.mat_funcionario) = 5 THEN
		SIGNAL SQLSTATE '45000' SET MESSAGE_TEXT = 'Este funcionario já possui cinco dependentes!';
    END IF;
END;$$


DELIMITER ;

SET SQL_MODE=@OLD_SQL_MODE;
SET FOREIGN_KEY_CHECKS=@OLD_FOREIGN_KEY_CHECKS;
SET UNIQUE_CHECKS=@OLD_UNIQUE_CHECKS;
